title,category,price_gbp,description,availability
A Light in the Attic,Poetry,51.77,One of the best collections of poetry for young readers.,1 in stock
Tipping the Velvet,Historical Fiction,53.74,A vivid historical story with memorable characters.,2 in stock
Soumission,Fiction,50.1,A thought-provoking contemporary fiction title.,3 in stock
Sharp Objects,Mystery,47.82,A gripping mystery with a strong psychological focus.,4 in stock
Sapiens: A Brief History of Humankind,History,54.23,An engaging overview of human history and society.,5 in stock
The Requiem Red,Young Adult,22.65,A suspenseful young adult story with an unusual setting.,6 in stock
The Dirty Little Secrets of Getting Your Dream Job,Business,33.34,Practical advice for career planning and job searches.,7 in stock
"The Coming Woman: A Novel Based on the Life of the Infamous Feminist, Victoria Woodhull",Historical Fiction,17.93,A historical novel centered on an influential woman.,8 in stock
The Boys in the Boat,Sports,22.6,"An inspiring account of teamwork, competition, and perseverance.",9 in stock
The Black Maria,Poetry,52.15,A distinctive poetry collection with vivid imagery.,10 in stock
Starving Hearts,Romance,13.99,A character-driven romance with emotional tension.,11 in stock
Shakespeare's Sonnets,Poetry,20.66,A classic collection of Shakespeare's sonnets.,12 in stock
Set Me Free,Young Adult,17.46,A coming-of-age story about freedom and identity.,13 in stock
Scott Pilgrim's Precious Little Life,Sequential Art,52.29,A fast-paced graphic novel with humor and energy.,14 in stock
Rip it Up and Start Again,Music,35.02,A detailed look at post-punk music and culture.,15 in stock
Our Band Could Be Your Life,Music,57.25,A compelling history of influential independent bands.,16 in stock
Olio,Poetry,23.88,An inventive collection blending poetry and historical voices.,17 in stock
Mesaerion: The Best Science Fiction Stories,Science Fiction,37.59,A selection of imaginative science fiction stories.,18 in stock
Libertarianism for Beginners,Politics,51.33,An accessible introduction to libertarian ideas.,19 in stock
It's Only the Himalayas,Travel,45.17,A lively travel account featuring adventure and scenery.,20 in stock
"In a Dark, Dark Wood",Mystery,19.63,A tense mystery with an atmospheric setting.,1 in stock
Behind Closed Doors,Thriller,52.22,A suspenseful thriller built around secrets and deception.,2 in stock
You can't bury them all,History,33.63,A historical account exploring memory and conflict.,3 in stock
Slow States of Collapse,Poetry,57.31,"Poetry focused on change, uncertainty, and modern life.",4 in stock
Reasons to Stay Alive,Nonfiction,26.41,A reflective nonfiction work about resilience and perspective.,5 in stock
The Dragon and the Raven,Historical Fiction,28.82,A historical adventure with vivid storytelling.,6 in stock
The Great Gatsby,Classics,36.26,"A classic exploration of ambition, wealth, and society.",7 in stock
The Hound of the Baskervilles,Mystery,14.82,A classic detective mystery with a haunting atmosphere.,8 in stock
The Little Prince,Classics,45.42,A philosophical classic told through a simple story.,9 in stock
Pride and Prejudice,Classics,19.27,"A classic novel about relationships, society, and expectations.",10 in stock
The Picture of Dorian Gray,Classics,29.7,"A classic novel exploring beauty, morality, and identity.",11 in stock
The Hobbit,Fantasy,35.19,A popular fantasy adventure featuring a reluctant hero.,12 in stock
The Fellowship of the Ring,Fantasy,29.0,An epic fantasy adventure about friendship and courage.,13 in stock
The Martian,Science Fiction,41.0,A science fiction survival story driven by ingenuity.,14 in stock
Dune,Science Fiction,24.5,An influential science fiction epic about power and ecology.,15 in stock
Educated,Memoir,28.1,"A memoir about education, growth, and self-discovery.",16 in stock
Atomic Habits,Self Help,21.8,A practical guide to building effective habits.,17 in stock
Deep Work,Business,31.4,A guide to focused work and productivity.,18 in stock
The Alchemist,Fiction,18.75,A motivational novel about goals and personal growth.,19 in stock
The Book Thief,Historical Fiction,25.6,A historical novel exploring courage and humanity.,20 in stock
Becoming,Memoir,32.5,"A memoir about life, leadership, and personal growth.",1 in stock
The Power of Habit,Self Help,27.4,An accessible exploration of habits and behavior.,2 in stock
"Thinking, Fast and Slow",Psychology,34.9,An introduction to two modes of human thinking.,3 in stock
Quiet,Psychology,23.7,"A discussion of introversion, personality, and society.",4 in stock
The Psychology of Money,Finance,20.3,"Lessons about behavior, money, and long-term decisions.",5 in stock
Rich Dad Poor Dad,Finance,16.9,A popular introduction to personal finance concepts.,6 in stock
Zero to One,Business,22.4,"Ideas about innovation, startups, and creating new value.",7 in stock
Start with Why,Business,19.8,A guide to purpose-driven leadership and communication.,8 in stock
The Lean Startup,Business,30.1,Methods for testing ideas and building products efficiently.,9 in stock
